{"cameraMode":{"drawMode":0,"name":"Shaded","section":"Shading Mode"},"sceneLighting":false,"audioPlay":false,"sceneViewState":{"showFog":true,"showMaterialUpdate":false,"showSkybox":false,"showFlares":true,"showImageEffects":true,"showParticleSystems":true},"in2DMode":false,"pivot":{"x":24.649192810058595,"y":2.9936726093292238,"z":40.989227294921878},"rotation":{"x":0.04089910537004471,"y":0.7332097291946411,"z":-0.04427357763051987,"w":0.6773279309272766},"size":5.376107692718506,"orthographic":false}